{"data":[{ "worker":"book_inworkflow_download_00", "status":"STARTING" },{ "worker":"book_inworkflow_exporter_00", "status":"FATAL" },{ "worker":"book_inworkflow_filelist_00", "status":"RUNNING" },{ "worker":"book_inworkflow_prep_00", "status":"RUNNING" },{ "worker":"book_inworkflow_validator_00", "status":"RUNNING" },{ "worker":"book_inworkflow_workflow_00", "status":"RUNNING" },{ "worker":"in_workflow_order_xml_00", "status":"RUNNING" },{ "worker":"inworkflow_download_00", "status":"RUNNING" },{ "worker":"inworkflow_exporter_00", "status":"RUNNING" },{ "worker":"inworkflow_filelist_00", "status":"RUNNING" },{ "worker":"inworkflow_prep_00", "status":"RUNNING" },{ "worker":"inworkflow_validator_00", "status":"RUNNING" },{ "worker":"inworkflow_workflow_00", "status":"RUNNING" },{ "worker":"mailer_send_00", "status":"RUNNING" },{ "worker":"book-send-mail_00", "status":"RUNNING" }]}