{"data":[{ "worker":"book-out_workflow_endtime_00", "status":"RUNNING" },{ "worker":"book-out_workflow_process_00", "status":"RUNNING" },{ "worker":"editor_outworkflow_endtime_00", "status":"RUNNING" },{ "worker":"editor_outworkflow_process_00", "status":"RUNNING" },{ "worker":"editor_outworkflow_process_01", "status":"RUNNING" },{ "worker":"pts-supplier-problem_process_00", "status":"RUNNING" },{ "worker":"ptsworkflow_process_00", "status":"RUNNING" },{ "worker":"query-signal-generator_00", "status":"RUNNING" }]}