{"data":[{ "name":"article-generator", "ready":"0", "unacked":"0", "total":"0" },{ "name":"file-downloader", "ready":"0", "unacked":"0", "total":"0" },{ "name":"file-exporter", "ready":"0", "unacked":"0", "total":"0" },{ "name":"mailer", "ready":"0", "unacked":"0", "total":"0" },{ "name":"mcquery-submit", "ready":"0", "unacked":"0", "total":"0" },{ "name":"out-xml-generator", "ready":"0", "unacked":"0", "total":"0" },{ "name":"outworkflow.endtime-updator", "ready":"0", "unacked":"0", "total":"0" },{ "name":"prep-generator", "ready":"0", "unacked":"0", "total":"0" },{ "name":"prince.pdf.generator", "ready":"0", "unacked":"0", "total":"0" },{ "name":"pts-process", "ready":"0", "unacked":"0", "total":"0" },{ "name":"validator", "ready":"0", "unacked":"0", "total":"0" },{ "name":"wk.pdf.generator", "ready":"0", "unacked":"0", "total":"0" }]}