{"data":[{ "name":"elife.proofcentral.article-generator", "ready":"0", "unacked":"0", "total":"0" },{ "name":"elife.proofcentral.file-downloader", "ready":"0", "unacked":"0", "total":"0" },{ "name":"elife.proofcentral.file-exporter", "ready":"0", "unacked":"0", "total":"0" },{ "name":"elife.proofcentral.mailer", "ready":"0", "unacked":"0", "total":"0" },{ "name":"elife.proofcentral.out-xml-generator", "ready":"0", "unacked":"0", "total":"0" },{ "name":"elife.proofcentral.outworkflow.endtime-updator", "ready":"0", "unacked":"0", "total":"0" },{ "name":"elife.proofcentral.paw-process", "ready":"0", "unacked":"0", "total":"0" },{ "name":"elife.proofcentral.prep-generator", "ready":"0", "unacked":"0", "total":"0" },{ "name":"elife.proofcentral.validator", "ready":"0", "unacked":"0", "total":"0" },{ "name":"rsc.proofcentral.api.author_submit", "ready":"0", "unacked":"0", "total":"0" },{ "name":"rsc.proofcentral.article-generator", "ready":"0", "unacked":"0", "total":"0" },{ "name":"rsc.proofcentral.file-downloader", "ready":"0", "unacked":"0", "total":"0" },{ "name":"rsc.proofcentral.file-exporter", "ready":"0", "unacked":"0", "total":"0" },{ "name":"rsc.proofcentral.mailer", "ready":"0", "unacked":"0", "total":"0" },{ "name":"rsc.proofcentral.mcquery.status", "ready":"0", "unacked":"0", "total":"0" },{ "name":"rsc.proofcentral.out-xml-generator", "ready":"0", "unacked":"0", "total":"0" },{ "name":"rsc.proofcentral.outworkflow.endtimeupdate", "ready":"0", "unacked":"0", "total":"0" },{ "name":"rsc.proofcentral.prep-generator", "ready":"0", "unacked":"0", "total":"0" },{ "name":"rsc.proofcentral.prquery-submit", "ready":"1", "unacked":"0", "total":"1" },{ "name":"rsc.proofcentral.success.error.api", "ready":"0", "unacked":"0", "total":"0" },{ "name":"rsc.proofcentral.validator", "ready":"0", "unacked":"0", "total":"0" },{ "name":"rsc.report.article-initiation", "ready":"5157", "unacked":"0", "total":"5157" },{ "name":"rsc.report.article-submission", "ready":"0", "unacked":"0", "total":"0" }]}