{"data":[{ "name":"elsevier.book.proofcentral.article-generator", "ready":"0", "unacked":"0", "total":"0" },{ "name":"elsevier.book.proofcentral.file-downloader", "ready":"0", "unacked":"0", "total":"0" },{ "name":"elsevier.book.proofcentral.file-exporter", "ready":"0", "unacked":"0", "total":"0" },{ "name":"elsevier.book.proofcentral.mailer", "ready":"0", "unacked":"0", "total":"0" },{ "name":"elsevier.book.proofcentral.out-xml-generator", "ready":"0", "unacked":"0", "total":"0" },{ "name":"elsevier.book.proofcentral.outworkflow.endtime-updator", "ready":"0", "unacked":"0", "total":"0" },{ "name":"elsevier.book.proofcentral.prep-generator", "ready":"0", "unacked":"0", "total":"0" },{ "name":"elsevier.book.proofcentral.validator", "ready":"0", "unacked":"0", "total":"0" },{ "name":"elsevier.book.report.article-generation", "ready":"876", "unacked":"0", "total":"876" },{ "name":"elsevier.book.report.article-outxml-generation", "ready":"1476", "unacked":"0", "total":"1476" }]}