{"data":[{ "name":"dataset_queue", "ready":"0", "unacked":"0", "total":"0" },{ "name":"elsevier.proofcentral.article-generator", "ready":"0", "unacked":"0", "total":"0" },{ "name":"elsevier.proofcentral.file-downloader", "ready":"0", "unacked":"0", "total":"0" },{ "name":"elsevier.proofcentral.file-exporter", "ready":"0", "unacked":"0", "total":"0" },{ "name":"elsevier.proofcentral.mailer", "ready":"0", "unacked":"0", "total":"0" },{ "name":"elsevier.proofcentral.mcquery", "ready":"0", "unacked":"0", "total":"0" },{ "name":"elsevier.proofcentral.mcquery-new", "ready":"0", "unacked":"0", "total":"0" },{ "name":"elsevier.proofcentral.mcquery.ftpsignal", "ready":"0", "unacked":"0", "total":"0" },{ "name":"elsevier.proofcentral.mcquery.status", "ready":"0", "unacked":"0", "total":"0" },{ "name":"elsevier.proofcentral.out-xml-generator", "ready":"0", "unacked":"1", "total":"1" },{ "name":"elsevier.proofcentral.outworkflow.endtime-updator", "ready":"0", "unacked":"0", "total":"0" },{ "name":"elsevier.proofcentral.prep-generator", "ready":"0", "unacked":"0", "total":"0" },{ "name":"elsevier.proofcentral.pts-vtw-exporter", "ready":"0", "unacked":"0", "total":"0" },{ "name":"elsevier.proofcentral.pts-vtw-process", "ready":"0", "unacked":"0", "total":"0" },{ "name":"elsevier.proofcentral.validator", "ready":"0", "unacked":"0", "total":"0" },{ "name":"exporter_queue", "ready":"0", "unacked":"0", "total":"0" },{ "name":"mailer_queue", "ready":"0", "unacked":"0", "total":"0" },{ "name":"out_workflow_exporter_queue", "ready":"0", "unacked":"0", "total":"0" },{ "name":"out_workflow_mailer_queue", "ready":"0", "unacked":"0", "total":"0" },{ "name":"out_workflow_queue", "ready":"1", "unacked":"0", "total":"1" },{ "name":"prep_generator", "ready":"0", "unacked":"0", "total":"0" },{ "name":"readyxml_queue", "ready":"0", "unacked":"0", "total":"0" },{ "name":"vtool_validator", "ready":"0", "unacked":"0", "total":"0" },{ "name":"workflow", "ready":"0", "unacked":"0", "total":"0" }]}